Timestamp,"Throughout this course, how often have you done each of the following? [Describe the methods that you chose to solve a quantitative problem and why they were appropriate.]","Throughout this course, how often have you done each of the following? [Carried out calculations, either by hand or using software.]","Throughout this course, how often have you done each of the following? [Created a visual representation of numerical information, such as a graph, table, chart, or diagram.]","Throughout this course, how often have you done each of the following? [Described numerical information (numbers, graphs, statistics, etc.) by writing in words.]","Throughout this course, how often have you done each of the following? [Reached conclusions based on your own analysis of numerical information (numbers, graphs, statistics, etc.)]","Throughout this course, how often have you done each of the following? [Constructed a single, coherent argument using several conclusions that were each based on quantitative evidence.]","Throughout this course, how often have you done each of the following? [Decided when a solution or inference was reasonable or not reasonable in the context of a problem.]","Throughout this course, how often have you done each of the following? [Used quantitative reasoning to examine a real-world problem or issue (unemployment, climate change, public health, etc.)]",Describe how much this course has improved your general quantitative/numerical skills. ,Describe how much this course has improved your ability to apply your quantitative/numerical skills to real-world problems. ,How confident do you feel using numbers in your everyday life?,"Please give an example of a quantitative skill that you developed in this course that you feel will be important in the future (such as in a future class, workplace, or daily life).",How frequently do you... [Do calculations in your everyday life?],How frequently do you... [Encounter graphs and tables in your everyday life?],How frequently do you... [Encounter situations like those you have learned about in this course?],"Please give an example of a time when you used ""quantitative reasoning"" in your daily life."
4/29/24 14:28,Frequently,Frequently,Frequently,Frequently,Frequently,Infrequently,Frequently,Frequently,None,Moderate improvement,3,,Infrequently,Never,Never,
4/30/24 8:39,Frequently,Frequently,Frequently,Frequently,Frequently,Frequently,Frequently,Frequently,Moderate improvement,Major improvement,2,,Frequently,Sometimes,Sometimes,
4/30/24 8:39,Frequently,Frequently,Frequently,Frequently,Frequently,Frequently,Sometimes,Sometimes,Moderate improvement,Moderate improvement,3,,Sometimes,Infrequently,Infrequently,
4/30/24 8:42,Frequently,Frequently,Frequently,Frequently,Frequently,Frequently,Sometimes,Frequently,None,Moderate improvement,3,,Sometimes,Infrequently,Infrequently,
4/30/24 8:42,Frequently,Frequently,Frequently,Frequently,Frequently,Sometimes,Frequently,Frequently,Major improvement,Major improvement,3,,Sometimes,Infrequently,Sometimes,
4/30/24 8:43,Frequently,Infrequently,Never,Infrequently,Sometimes,Infrequently,Sometimes,Sometimes,Moderate improvement,Moderate improvement,4,,Infrequently,Infrequently,Never,
4/30/24 8:44,Frequently,Frequently,Frequently,Frequently,Frequently,Frequently,Frequently,Frequently,Major improvement,Major improvement,3,,Sometimes,Sometimes,Sometimes,
4/30/24 8:44,Frequently,Frequently,Frequently,Frequently,Frequently,Frequently,Frequently,Frequently,Major improvement,Major improvement,3,,Sometimes,Frequently,Sometimes,
4/30/24 8:44,Sometimes,Sometimes,Frequently,Frequently,Frequently,Sometimes,Sometimes,Frequently,Moderate improvement,Major improvement,4,,Frequently,Frequently,Frequently,
4/30/24 8:46,Sometimes,Sometimes,Frequently,Sometimes,Sometimes,Sometimes,Sometimes,Frequently,Major improvement,Major improvement,3,,Frequently,Sometimes,Sometimes,
4/30/24 8:46,Frequently,Frequently,Frequently,Frequently,Sometimes,Infrequently,Sometimes,Sometimes,Moderate improvement,Moderate improvement,3,,Sometimes,Sometimes,Sometimes,
4/30/24 8:47,Frequently,Frequently,Frequently,Frequently,Frequently,Sometimes,Sometimes,Frequently,Minor improvement,Moderate improvement,2,,Frequently,Infrequently,Infrequently,
4/30/24 8:47,Frequently,Frequently,Frequently,Frequently,Frequently,Frequently,Frequently,Frequently,None,Moderate improvement,3,,Sometimes,Sometimes,Frequently,
4/30/24 8:47,Frequently,Frequently,Frequently,Frequently,Frequently,Frequently,Frequently,Frequently,Major improvement,Major improvement,3,,Frequently,Frequently,Sometimes,
4/30/24 8:50,Frequently,Frequently,Frequently,Frequently,Frequently,Frequently,Frequently,Frequently,Major improvement,Major improvement,3,,Frequently,Sometimes,Sometimes,
4/30/24 9:07,Frequently,Sometimes,Sometimes,Sometimes,Sometimes,Sometimes,Sometimes,Sometimes,Moderate improvement,Moderate improvement,3,,Sometimes,Sometimes,Infrequently,
4/30/24 11:29,Frequently,Frequently,Sometimes,Frequently,Frequently,Never,Sometimes,Frequently,Major improvement,Major improvement,3,,Frequently,Infrequently,Sometimes,
4/30/24 15:08,Frequently,Frequently,Frequently,Frequently,Frequently,Sometimes,Frequently,Infrequently,Moderate improvement,Minor improvement,4,,Sometimes,Infrequently,Sometimes,
4/30/24 15:16,Frequently,Frequently,Frequently,Frequently,Frequently,Frequently,Frequently,Frequently,Major improvement,Major improvement,3,,Sometimes,Frequently,Sometimes,
4/30/24 16:03,Frequently,Sometimes,Frequently,Frequently,Frequently,Frequently,Sometimes,Frequently,Major improvement,Major improvement,4,,Sometimes,Infrequently,Infrequently,
4/30/24 16:16,Frequently,Frequently,Frequently,Frequently,Frequently,Frequently,Frequently,Frequently,Major improvement,Major improvement,2,,Frequently,Frequently,Sometimes,
4/30/24 16:54,Frequently,Frequently,Frequently,Frequently,Frequently,Frequently,Frequently,Frequently,Moderate improvement,Major improvement,3,,Infrequently,Infrequently,Infrequently,
4/30/24 16:58,Frequently,Frequently,Frequently,Frequently,Frequently,Frequently,Sometimes,Frequently,Major improvement,Major improvement,3,,Frequently,Sometimes,Sometimes,
4/30/24 18:44,Sometimes,Frequently,Frequently,Frequently,Sometimes,Infrequently,Sometimes,Sometimes,Moderate improvement,Moderate improvement,3,,Infrequently,Never,Infrequently,
4/30/24 20:20,Frequently,Frequently,Frequently,Frequently,Frequently,Frequently,Frequently,Frequently,Major improvement,Major improvement,3,,Frequently,Frequently,Sometimes,
5/1/24 12:27,Sometimes,Frequently,Sometimes,Sometimes,Frequently,Infrequently,Infrequently,Infrequently,Moderate improvement,Minor improvement,3,,Frequently,Frequently,Infrequently,
5/1/24 13:06,Sometimes,Frequently,Frequently,Sometimes,Frequently,Sometimes,Sometimes,Sometimes,Major improvement,Moderate improvement,2,,Sometimes,Frequently,Frequently,
5/1/24 13:21,Sometimes,Sometimes,Frequently,Sometimes,Frequently,Frequently,Sometimes,Infrequently,Moderate improvement,Minor improvement,4,,Sometimes,Infrequently,Sometimes,
5/1/24 13:27,Sometimes,Never,Infrequently,Frequently,Infrequently,Never,Never,Sometimes,Minor improvement,Moderate improvement,1,,Sometimes,Sometimes,Infrequently,
5/1/24 15:37,Frequently,Frequently,Frequently,Frequently,Frequently,Frequently,Sometimes,Sometimes,Moderate improvement,Moderate improvement,3,,Frequently,Frequently,Sometimes,
5/1/24 15:37,Frequently,Frequently,Frequently,Frequently,Sometimes,Frequently,Frequently,Frequently,None,Moderate improvement,3,,Infrequently,Infrequently,Infrequently,
5/1/24 15:55,Frequently,Frequently,Frequently,Frequently,Sometimes,Sometimes,Sometimes,Frequently,Moderate improvement,Major improvement,1,,Frequently,Sometimes,Sometimes,
5/1/24 16:05,Sometimes,Frequently,Frequently,Sometimes,Frequently,Frequently,Frequently,Sometimes,Moderate improvement,Moderate improvement,3,,Sometimes,Sometimes,Frequently,
5/1/24 16:06,Sometimes,Frequently,Frequently,Frequently,Frequently,Sometimes,Frequently,Infrequently,Major improvement,Moderate improvement,4,,Frequently,Frequently,Frequently,
5/1/24 16:06,Sometimes,Frequently,Sometimes,Sometimes,Frequently,Frequently,Sometimes,Sometimes,Major improvement,Moderate improvement,4,,Frequently,Infrequently,Never,
5/1/24 16:07,Sometimes,Frequently,Frequently,Infrequently,Infrequently,Sometimes,Infrequently,Never,None,Minor improvement,4,,Frequently,Sometimes,Frequently,
5/1/24 16:07,Sometimes,Frequently,Infrequently,Infrequently,Infrequently,Never,Infrequently,Never,Moderate improvement,Minor improvement,4,,Sometimes,Sometimes,Infrequently,
5/1/24 16:08,Frequently,Frequently,Frequently,Frequently,Frequently,Frequently,Frequently,Infrequently,Major improvement,Moderate improvement,3,,Sometimes,Sometimes,Sometimes,
5/1/24 16:08,Frequently,Frequently,Frequently,Sometimes,Sometimes,Sometimes,Frequently,Frequently,Moderate improvement,Major improvement,3,,Sometimes,Sometimes,Frequently,
5/1/24 16:08,Sometimes,Frequently,Sometimes,Infrequently,Never,Infrequently,Sometimes,Sometimes,Moderate improvement,Moderate improvement,4,,Sometimes,Infrequently,Infrequently,
5/1/24 16:08,Frequently,Frequently,Frequently,Frequently,Frequently,Frequently,Frequently,Frequently,Major improvement,Major improvement,4,,Frequently,Frequently,Sometimes,
5/1/24 16:09,Sometimes,Frequently,Frequently,Infrequently,Sometimes,Infrequently,Sometimes,Frequently,Major improvement,Major improvement,3,,Frequently,Sometimes,Sometimes,
5/1/24 16:09,Frequently,Frequently,Frequently,Frequently,Frequently,Frequently,Frequently,Frequently,Major improvement,Major improvement,3,,Frequently,Frequently,Frequently,
5/1/24 16:09,Frequently,Frequently,Frequently,Frequently,Sometimes,Infrequently,Frequently,Frequently,Major improvement,Major improvement,4,,Sometimes,Infrequently,Infrequently,
5/1/24 16:10,Frequently,Frequently,Sometimes,Sometimes,Frequently,Frequently,Frequently,Frequently,Major improvement,Major improvement,4,,Sometimes,Sometimes,Sometimes,
5/1/24 16:10,Sometimes,Frequently,Frequently,Sometimes,Frequently,Infrequently,Sometimes,Frequently,Major improvement,Major improvement,4,,Frequently,Sometimes,Sometimes,
5/1/24 16:11,Frequently,Frequently,Frequently,Frequently,Frequently,Sometimes,Frequently,Frequently,Major improvement,Major improvement,3,,Sometimes,Sometimes,Sometimes,
5/1/24 16:12,Sometimes,Sometimes,Sometimes,Sometimes,Frequently,Infrequently,Frequently,Frequently,Major improvement,Major improvement,3,,Sometimes,Sometimes,Frequently,
5/1/24 16:33,Frequently,Frequently,Frequently,Frequently,Frequently,Frequently,Frequently,Frequently,Major improvement,Major improvement,3,,Frequently,Infrequently,Infrequently,
5/1/24 16:38,Frequently,Frequently,Frequently,Frequently,Frequently,Frequently,Frequently,Frequently,None,Moderate improvement,3,,Sometimes,Sometimes,Sometimes,
5/1/24 16:48,Frequently,Frequently,Frequently,Sometimes,Frequently,Frequently,Frequently,Sometimes,Major improvement,Moderate improvement,4,,Sometimes,Infrequently,Infrequently,
5/1/24 17:34,Sometimes,Sometimes,Sometimes,Sometimes,Sometimes,Sometimes,Sometimes,Sometimes,None,Minor improvement,4,,Infrequently,Infrequently,Never,
5/1/24 17:37,Sometimes,Sometimes,Sometimes,Sometimes,Sometimes,Sometimes,Sometimes,Sometimes,Moderate improvement,Moderate improvement,3,,Sometimes,Infrequently,Never,
5/1/24 18:35,Frequently,Frequently,Frequently,Frequently,Frequently,Frequently,Frequently,Sometimes,Major improvement,Moderate improvement,4,,Sometimes,Sometimes,Sometimes,
5/1/24 18:37,Sometimes,Sometimes,Frequently,Frequently,Sometimes,Sometimes,Sometimes,Sometimes,Moderate improvement,Moderate improvement,3,,Frequently,Infrequently,Infrequently,
5/1/24 19:55,Sometimes,Sometimes,Frequently,Frequently,Frequently,Frequently,Frequently,Frequently,Moderate improvement,Major improvement,3,,Infrequently,Infrequently,Infrequently,
5/1/24 20:53,Never,Frequently,Frequently,Never,Sometimes,Never,Never,Never,None,None,4,,Never,Never,Never,
5/1/24 21:01,Frequently,Frequently,Frequently,Frequently,Frequently,Infrequently,Frequently,Frequently,Moderate improvement,Major improvement,4,,Sometimes,Infrequently,Never,
5/1/24 21:04,Sometimes,Sometimes,Sometimes,Sometimes,Sometimes,Sometimes,Sometimes,Never,Moderate improvement,Minor improvement,3,,Never,Never,Never,
5/1/24 21:27,Frequently,Frequently,Sometimes,Frequently,Frequently,Frequently,Frequently,Frequently,Major improvement,Major improvement,3,,Sometimes,Infrequently,Infrequently,
5/1/24 22:25,Frequently,Frequently,Frequently,Sometimes,Sometimes,Sometimes,Sometimes,Infrequently,Moderate improvement,Minor improvement,3,,Sometimes,Infrequently,Infrequently,
5/1/24 22:35,Frequently,Frequently,Frequently,Frequently,Frequently,Frequently,Frequently,Frequently,None,Moderate improvement,4,,Frequently,Frequently,Frequently,
5/1/24 22:44,Sometimes,Frequently,Frequently,Frequently,Infrequently,Infrequently,Sometimes,Sometimes,Major improvement,Moderate improvement,4,,Frequently,Frequently,Infrequently,
5/1/24 23:29,Frequently,Frequently,Never,Frequently,Frequently,Frequently,Sometimes,Sometimes,Major improvement,Moderate improvement,4,,Sometimes,Sometimes,Infrequently,
5/1/24 23:57,Infrequently,Frequently,Frequently,Frequently,Frequently,Never,Infrequently,Infrequently,Moderate improvement,Minor improvement,3,,Sometimes,Infrequently,Infrequently,
5/2/24 8:26,Never,Never,Never,Never,Never,Never,Never,Never,Minor improvement,None,3,,Infrequently,Infrequently,Infrequently,
5/2/24 9:19,Frequently,Frequently,Frequently,Frequently,Frequently,Frequently,Frequently,Frequently,Moderate improvement,Major improvement,3,,Sometimes,Sometimes,Sometimes,
5/2/24 10:12,Sometimes,Frequently,Frequently,Frequently,Sometimes,Sometimes,Sometimes,Frequently,None,Moderate improvement,3,,Frequently,Sometimes,Sometimes,
5/2/24 10:32,Sometimes,Frequently,Frequently,Frequently,Frequently,Sometimes,Sometimes,Sometimes,Major improvement,Moderate improvement,3,,Frequently,Frequently,Frequently,
5/2/24 11:17,Frequently,Frequently,Sometimes,Frequently,Frequently,Frequently,Frequently,Frequently,Major improvement,Major improvement,3,,Sometimes,Infrequently,Infrequently,
5/2/24 12:10,Sometimes,Frequently,Frequently,Infrequently,Frequently,Infrequently,Frequently,Frequently,Moderate improvement,Major improvement,3,,Frequently,Frequently,Sometimes,
5/2/24 12:53,Sometimes,Sometimes,Frequently,Frequently,Frequently,Sometimes,Sometimes,Infrequently,Minor improvement,Minor improvement,3,,Never,Infrequently,Never,
5/2/24 13:52,Infrequently,Frequently,Frequently,Infrequently,Infrequently,Never,Never,Sometimes,Moderate improvement,Moderate improvement,3,,Frequently,Frequently,Sometimes,
5/2/24 14:56,Sometimes,Frequently,Frequently,Infrequently,Sometimes,Frequently,Frequently,Infrequently,Moderate improvement,Minor improvement,3,,Sometimes,Infrequently,Sometimes,
5/2/24 15:06,Never,Never,Never,Never,Never,Never,Never,Never,None,None,3,,Never,Never,Never,
5/2/24 15:07,Never,Sometimes,Never,Infrequently,Infrequently,Never,Infrequently,Infrequently,Minor improvement,Minor improvement,3,,Sometimes,Never,Infrequently,
5/2/24 15:07,Frequently,Frequently,Frequently,Frequently,Frequently,Frequently,Frequently,Frequently,Moderate improvement,Major improvement,4,,Sometimes,Infrequently,Sometimes,
5/2/24 15:10,Sometimes,Frequently,Sometimes,Infrequently,Sometimes,Infrequently,Sometimes,Sometimes,Moderate improvement,Moderate improvement,3,,Infrequently,Frequently,Sometimes,
5/2/24 15:14,Frequently,Frequently,Frequently,Frequently,Frequently,Frequently,Frequently,Frequently,Major improvement,Major improvement,4,,Frequently,Frequently,Sometimes,
5/2/24 15:27,Sometimes,Sometimes,Sometimes,Frequently,Sometimes,Frequently,Sometimes,Sometimes,Moderate improvement,Moderate improvement,4,,Infrequently,Infrequently,Infrequently,
5/2/24 16:22,Never,Sometimes,Sometimes,Sometimes,Sometimes,Infrequently,Sometimes,Infrequently,None,Minor improvement,4,,Sometimes,Sometimes,Never,
5/2/24 16:33,Frequently,Frequently,Frequently,Frequently,Frequently,Frequently,Frequently,Frequently,Major improvement,Major improvement,4,,Sometimes,Infrequently,Sometimes,
5/2/24 17:07,Infrequently,Sometimes,Sometimes,Sometimes,Sometimes,Infrequently,Infrequently,Infrequently,Minor improvement,Minor improvement,3,,Infrequently,Infrequently,Infrequently,
5/2/24 18:14,Frequently,Frequently,Frequently,Frequently,Frequently,Frequently,Frequently,Frequently,Major improvement,Major improvement,3,,Frequently,Sometimes,Infrequently,
5/2/24 18:30,Never,Frequently,Frequently,Infrequently,Frequently,Never,Infrequently,Sometimes,Moderate improvement,Moderate improvement,3,,Infrequently,Never,Infrequently,
5/2/24 19:19,Infrequently,Frequently,Frequently,Frequently,Frequently,Infrequently,Sometimes,Never,Moderate improvement,Minor improvement,2,,Sometimes,Infrequently,Infrequently,
5/2/24 19:29,Frequently,Frequently,Frequently,Frequently,Frequently,Frequently,Frequently,Frequently,Major improvement,Major improvement,4,,Frequently,Frequently,Sometimes,
5/2/24 20:04,Frequently,Frequently,Frequently,Frequently,Frequently,Sometimes,Frequently,Sometimes,Moderate improvement,Moderate improvement,3,,Sometimes,Never,Never,
5/2/24 20:40,Frequently,Frequently,Frequently,Frequently,Frequently,Sometimes,Sometimes,Frequently,Moderate improvement,Major improvement,4,,Frequently,Infrequently,Infrequently,
5/2/24 22:24,Sometimes,Frequently,Frequently,Frequently,Frequently,Sometimes,Frequently,Sometimes,Major improvement,Moderate improvement,4,,Frequently,Frequently,Frequently,
5/2/24 22:48,Frequently,Frequently,Frequently,Frequently,Frequently,Frequently,Frequently,Frequently,Major improvement,Major improvement,3,,Sometimes,Infrequently,Infrequently,
5/2/24 22:51,Sometimes,Frequently,Frequently,Frequently,Frequently,Frequently,Frequently,Infrequently,Moderate improvement,Minor improvement,3,,Sometimes,Infrequently,Infrequently,
5/3/24 10:57,Sometimes,Frequently,Frequently,Frequently,Sometimes,Infrequently,Frequently,Frequently,Major improvement,Major improvement,3,,Sometimes,Infrequently,Never,
5/3/24 12:15,Sometimes,Sometimes,Sometimes,Sometimes,Sometimes,Sometimes,Sometimes,Sometimes,Moderate improvement,Moderate improvement,4,,Sometimes,Infrequently,Infrequently,
5/3/24 12:48,Infrequently,Infrequently,Infrequently,Infrequently,Infrequently,Infrequently,Infrequently,Infrequently,Moderate improvement,Minor improvement,3,,Sometimes,Never,Never,
5/3/24 13:00,Frequently,Frequently,Frequently,Frequently,Frequently,Frequently,Frequently,Frequently,Moderate improvement,Major improvement,3,,Sometimes,Infrequently,Infrequently,
5/3/24 13:25,Frequently,Frequently,Frequently,Frequently,Frequently,Frequently,Frequently,Sometimes,Moderate improvement,Moderate improvement,4,,Infrequently,Sometimes,Infrequently,
5/3/24 14:40,Infrequently,Sometimes,Sometimes,Sometimes,Infrequently,Infrequently,Infrequently,Sometimes,Moderate improvement,Moderate improvement,3,,Sometimes,Sometimes,Sometimes,
5/3/24 15:30,Sometimes,Frequently,Frequently,Sometimes,Sometimes,Sometimes,Sometimes,Sometimes,Moderate improvement,Moderate improvement,3,,Frequently,Sometimes,Sometimes,
5/3/24 15:43,Sometimes,Frequently,Frequently,Frequently,Frequently,Frequently,Frequently,Never,Moderate improvement,Minor improvement,4,,Sometimes,Never,Infrequently,
5/3/24 16:07,Frequently,Sometimes,Frequently,Sometimes,Infrequently,Never,Sometimes,Frequently,Minor improvement,Moderate improvement,3,,Sometimes,Frequently,Infrequently,
5/3/24 19:42,Sometimes,Sometimes,Sometimes,Sometimes,Sometimes,Sometimes,Sometimes,Frequently,Moderate improvement,Major improvement,3,,Sometimes,Sometimes,Sometimes,
5/3/24 23:18,Sometimes,Sometimes,Sometimes,Sometimes,Sometimes,Sometimes,Sometimes,Frequently,Moderate improvement,Major improvement,4,,Sometimes,Sometimes,Frequently,
5/4/24 11:02,Sometimes,Frequently,Frequently,Sometimes,Sometimes,Infrequently,Sometimes,Sometimes,Moderate improvement,Moderate improvement,3,,Sometimes,Infrequently,Infrequently,
5/4/24 12:20,Sometimes,Sometimes,Sometimes,Frequently,Frequently,Frequently,Frequently,Sometimes,Moderate improvement,Moderate improvement,3,,Sometimes,Sometimes,Sometimes,
5/4/24 12:24,Infrequently,Sometimes,Sometimes,Sometimes,Infrequently,Infrequently,Sometimes,Infrequently,Moderate improvement,Minor improvement,3,,Never,Never,Never,
5/4/24 12:27,Frequently,Frequently,Frequently,Frequently,Frequently,Frequently,Frequently,Frequently,Major improvement,Major improvement,3,,Sometimes,Sometimes,Infrequently,
5/4/24 17:29,Frequently,Frequently,Frequently,Frequently,Sometimes,Sometimes,Sometimes,Sometimes,Major improvement,Moderate improvement,3,,Frequently,Frequently,Frequently,
5/5/24 12:10,Sometimes,Frequently,Frequently,Frequently,Frequently,Infrequently,Frequently,Frequently,Major improvement,Major improvement,3,,Sometimes,Infrequently,Infrequently,
5/5/24 12:24,Sometimes,Frequently,Sometimes,Frequently,Sometimes,Sometimes,Sometimes,Frequently,Moderate improvement,Major improvement,4,,Sometimes,Infrequently,Never,
5/5/24 13:13,Infrequently,Frequently,Frequently,Sometimes,Frequently,Infrequently,Sometimes,Frequently,Moderate improvement,Major improvement,4,,Sometimes,Infrequently,Infrequently,
5/5/24 14:24,Sometimes,Frequently,Sometimes,Sometimes,Frequently,Sometimes,Sometimes,Sometimes,Major improvement,Moderate improvement,4,,Infrequently,Infrequently,Infrequently,
5/5/24 14:31,Infrequently,Infrequently,Sometimes,Sometimes,Sometimes,Sometimes,Sometimes,Infrequently,Moderate improvement,Minor improvement,4,,Infrequently,Infrequently,Infrequently,
5/5/24 14:38,Sometimes,Frequently,Frequently,Frequently,Sometimes,Infrequently,Sometimes,Sometimes,Moderate improvement,Moderate improvement,4,,Infrequently,Infrequently,Sometimes,
5/5/24 14:54,Infrequently,Frequently,Frequently,Frequently,Frequently,Sometimes,Sometimes,Sometimes,Major improvement,Moderate improvement,3,,Infrequently,Infrequently,Infrequently,
5/5/24 15:46,Infrequently,Sometimes,Sometimes,Sometimes,Sometimes,Sometimes,Sometimes,Infrequently,Moderate improvement,Minor improvement,4,,Infrequently,Infrequently,Infrequently,
5/5/24 15:57,Sometimes,Sometimes,Sometimes,Sometimes,Frequently,Sometimes,Sometimes,Sometimes,Major improvement,Moderate improvement,4,,Sometimes,Never,Infrequently,
5/5/24 16:32,Sometimes,Frequently,Frequently,Frequently,Sometimes,Sometimes,Sometimes,Sometimes,Moderate improvement,Moderate improvement,4,,Sometimes,Never,Never,
5/5/24 16:39,Infrequently,Sometimes,Infrequently,Infrequently,Infrequently,Infrequently,Infrequently,Infrequently,Moderate improvement,Minor improvement,4,,Never,Never,Never,
5/5/24 17:25,Infrequently,Sometimes,Sometimes,Infrequently,Infrequently,Infrequently,Infrequently,Never,Moderate improvement,Minor improvement,3,,Infrequently,Infrequently,Infrequently,
5/5/24 20:07,Frequently,Frequently,Frequently,Frequently,Frequently,Frequently,Frequently,Frequently,Moderate improvement,Major improvement,3,,Infrequently,Infrequently,Never,
5/5/24 20:08,Sometimes,Frequently,Sometimes,Infrequently,Frequently,Sometimes,Infrequently,Sometimes,Moderate improvement,Moderate improvement,3,,Sometimes,Infrequently,Sometimes,
5/5/24 20:23,Sometimes,Frequently,Infrequently,Sometimes,Frequently,Infrequently,Sometimes,Sometimes,Minor improvement,Moderate improvement,4,,Infrequently,Sometimes,Sometimes,
5/5/24 20:47,Sometimes,Sometimes,Sometimes,Sometimes,Sometimes,Infrequently,Sometimes,Infrequently,Moderate improvement,Minor improvement,3,,Never,Never,Never,
5/5/24 21:00,Sometimes,Sometimes,Sometimes,Sometimes,Sometimes,Sometimes,Sometimes,Sometimes,Moderate improvement,Moderate improvement,4,,Sometimes,Frequently,Never,
5/5/24 21:27,Sometimes,Sometimes,Sometimes,Sometimes,Sometimes,Sometimes,Sometimes,Sometimes,Moderate improvement,Moderate improvement,2,,Frequently,Sometimes,Infrequently,
5/5/24 21:28,Infrequently,Frequently,Frequently,Frequently,Frequently,Sometimes,Sometimes,Infrequently,Moderate improvement,Minor improvement,3,,Never,Never,Never,
5/5/24 21:42,Sometimes,Sometimes,Sometimes,Sometimes,Sometimes,Sometimes,Sometimes,Sometimes,Moderate improvement,Moderate improvement,3,,Sometimes,Infrequently,Infrequently,
5/5/24 22:05,Frequently,Frequently,Sometimes,Frequently,Frequently,Sometimes,Frequently,Frequently,Moderate improvement,Major improvement,2,,Frequently,Sometimes,Sometimes,
5/5/24 22:30,Sometimes,Sometimes,Sometimes,Sometimes,Sometimes,Sometimes,Sometimes,Sometimes,Moderate improvement,Moderate improvement,4,,Frequently,Sometimes,Infrequently,
5/5/24 22:33,Never,Sometimes,Never,Sometimes,Sometimes,Sometimes,Sometimes,Never,Moderate improvement,Minor improvement,3,,Sometimes,Infrequently,Never,
5/5/24 23:07,Sometimes,Frequently,Frequently,Frequently,Frequently,Frequently,Frequently,Infrequently,Moderate improvement,Minor improvement,4,,Sometimes,Infrequently,Infrequently,
5/5/24 23:51,Frequently,Frequently,Frequently,Frequently,Frequently,Frequently,Frequently,Frequently,Major improvement,Major improvement,4,,Sometimes,Infrequently,Infrequently,
5/5/24 23:51,Sometimes,Sometimes,Frequently,Frequently,Frequently,Sometimes,Sometimes,Frequently,Moderate improvement,Major improvement,4,,Infrequently,Infrequently,Sometimes,
5/6/24 0:57,Sometimes,Sometimes,Sometimes,Sometimes,Sometimes,Sometimes,Sometimes,Infrequently,Moderate improvement,Minor improvement,3,,Sometimes,Sometimes,Sometimes,
5/6/24 1:07,Sometimes,Sometimes,Sometimes,Sometimes,Sometimes,Sometimes,Sometimes,Frequently,Moderate improvement,Major improvement,3,,Infrequently,Never,Never,
5/6/24 1:10,Sometimes,Frequently,Frequently,Frequently,Frequently,Frequently,Frequently,Sometimes,Moderate improvement,Moderate improvement,3,,Infrequently,Infrequently,Infrequently,
5/6/24 7:55,Sometimes,Frequently,Frequently,Frequently,Sometimes,Infrequently,Frequently,Frequently,Moderate improvement,Major improvement,3,,Infrequently,Infrequently,Infrequently,
5/6/24 8:00,Never,Never,Never,Never,Never,Never,Never,Never,Minor improvement,None,4,,Never,Never,Never,
5/6/24 8:06,Frequently,Frequently,Frequently,Frequently,Sometimes,Sometimes,Sometimes,Sometimes,Moderate improvement,Moderate improvement,3,,Sometimes,Frequently,Sometimes,
5/6/24 8:07,Frequently,Frequently,Frequently,Frequently,Frequently,Frequently,Frequently,Frequently,Major improvement,Major improvement,3,,Infrequently,Infrequently,Infrequently,
5/6/24 8:10,Frequently,Frequently,Frequently,Frequently,Frequently,Frequently,Frequently,Frequently,Moderate improvement,Major improvement,3,,Infrequently,Infrequently,Infrequently,
5/6/24 8:28,Infrequently,Frequently,Frequently,Frequently,Frequently,Frequently,Frequently,Frequently,Major improvement,Major improvement,3,,Sometimes,Sometimes,Never,
5/6/24 9:24,Frequently,Frequently,Frequently,Frequently,Frequently,Frequently,Frequently,Frequently,Major improvement,Major improvement,2,,Infrequently,Sometimes,Infrequently,
5/6/24 9:39,Sometimes,Sometimes,Sometimes,Sometimes,Sometimes,Frequently,Frequently,Sometimes,Moderate improvement,Moderate improvement,3,,Infrequently,Never,Sometimes,
5/6/24 9:41,Infrequently,Frequently,Sometimes,Sometimes,Sometimes,Sometimes,Sometimes,Sometimes,Moderate improvement,Moderate improvement,3,,Frequently,Sometimes,Sometimes,
5/6/24 9:57,Sometimes,Frequently,Frequently,Frequently,Frequently,Frequently,Frequently,Frequently,Moderate improvement,Major improvement,4,,Sometimes,Infrequently,Infrequently,
5/6/24 10:11,Frequently,Infrequently,Infrequently,Frequently,Sometimes,Infrequently,Frequently,Sometimes,Moderate improvement,Moderate improvement,3,,Frequently,Sometimes,Infrequently,
5/6/24 10:11,Frequently,Frequently,Frequently,Frequently,Frequently,Frequently,Frequently,Frequently,Major improvement,Major improvement,3,,Sometimes,Frequently,Frequently,
5/6/24 10:12,Sometimes,Sometimes,Sometimes,Sometimes,Sometimes,Sometimes,Sometimes,Sometimes,Moderate improvement,Moderate improvement,3,,Sometimes,Infrequently,Infrequently,
5/6/24 10:16,Frequently,Frequently,Sometimes,Frequently,Frequently,Sometimes,Frequently,Sometimes,None,Minor improvement,,,Sometimes,Never,Never,
5/6/24 10:18,Sometimes,Sometimes,Frequently,Sometimes,Sometimes,Sometimes,Sometimes,Sometimes,Moderate improvement,Moderate improvement,3,,Infrequently,Infrequently,Sometimes,
5/6/24 10:18,Sometimes,Sometimes,Sometimes,Sometimes,Sometimes,Sometimes,Sometimes,Sometimes,Minor improvement,Moderate improvement,4,,Frequently,Sometimes,Infrequently,
5/6/24 10:19,Sometimes,Infrequently,Sometimes,Infrequently,Frequently,Sometimes,Never,Frequently,Moderate improvement,Major improvement,3,,Infrequently,Infrequently,Sometimes,
5/6/24 10:25,Infrequently,Sometimes,Sometimes,Sometimes,Sometimes,Infrequently,Infrequently,Never,Minor improvement,None,3,,Never,Never,Infrequently,
5/6/24 10:27,Sometimes,Frequently,Frequently,Frequently,Sometimes,Sometimes,Frequently,Frequently,Moderate improvement,Major improvement,4,,Frequently,Sometimes,Sometimes,
5/6/24 10:36,Sometimes,Frequently,Sometimes,Sometimes,Frequently,Sometimes,Sometimes,Sometimes,Moderate improvement,Moderate improvement,3,,Infrequently,Never,Infrequently,
5/6/24 10:38,Sometimes,Sometimes,Sometimes,Infrequently,Infrequently,Sometimes,Sometimes,Infrequently,Moderate improvement,Minor improvement,3,,Infrequently,Never,Infrequently,
5/6/24 10:58,Sometimes,Sometimes,Frequently,Frequently,Sometimes,Sometimes,Sometimes,Infrequently,Moderate improvement,Minor improvement,3,,Sometimes,Sometimes,Sometimes,
5/6/24 11:00,Sometimes,Infrequently,Sometimes,Infrequently,Frequently,Sometimes,Sometimes,Sometimes,Moderate improvement,Moderate improvement,4,,Infrequently,Sometimes,Sometimes,
5/6/24 11:08,Frequently,Frequently,Frequently,Frequently,Frequently,Frequently,Frequently,Frequently,Moderate improvement,Major improvement,3,,Sometimes,Infrequently,Infrequently,
5/6/24 11:49,Sometimes,Frequently,Sometimes,Frequently,Frequently,Sometimes,Sometimes,Frequently,Major improvement,Major improvement,4,,Sometimes,Infrequently,Sometimes,
5/6/24 12:02,Frequently,Frequently,Frequently,Frequently,Sometimes,Sometimes,Frequently,Sometimes,Moderate improvement,Moderate improvement,4,,Frequently,Infrequently,Sometimes,
5/6/24 12:20,Frequently,Frequently,Frequently,Frequently,Frequently,Frequently,Frequently,Frequently,Major improvement,Major improvement,3,,Frequently,Frequently,Infrequently,
5/6/24 13:15,Frequently,Frequently,Frequently,Frequently,Frequently,Frequently,Frequently,Frequently,Moderate improvement,Major improvement,4,,Sometimes,Infrequently,Infrequently,
5/6/24 13:26,Sometimes,Sometimes,Sometimes,Sometimes,Sometimes,Sometimes,Sometimes,Sometimes,Moderate improvement,Moderate improvement,3,,Infrequently,Infrequently,Infrequently,
5/6/24 13:32,Frequently,Frequently,Frequently,Frequently,Sometimes,Sometimes,Sometimes,Sometimes,Moderate improvement,Moderate improvement,4,,Infrequently,Sometimes,Sometimes,
5/6/24 13:39,Frequently,Frequently,Frequently,Frequently,Frequently,Sometimes,Frequently,Sometimes,Moderate improvement,Moderate improvement,3,,Infrequently,Infrequently,Sometimes,
5/6/24 13:55,Frequently,Frequently,Frequently,Sometimes,Frequently,Sometimes,Frequently,Frequently,Moderate improvement,Major improvement,3,,Infrequently,Sometimes,Sometimes,
5/6/24 14:05,Sometimes,Frequently,Frequently,Frequently,Frequently,Sometimes,Sometimes,Sometimes,Minor improvement,Moderate improvement,3,,Never,Never,Never,
5/6/24 14:06,Frequently,Frequently,Frequently,Frequently,Frequently,Frequently,Frequently,Frequently,Major improvement,Major improvement,3,,Sometimes,Sometimes,Frequently,
5/6/24 14:06,Sometimes,Frequently,Sometimes,Frequently,Sometimes,,Sometimes,Infrequently,Moderate improvement,Minor improvement,1,,Infrequently,Infrequently,Infrequently,
5/6/24 14:07,Sometimes,Sometimes,Sometimes,Sometimes,Sometimes,Sometimes,Sometimes,Sometimes,Moderate improvement,Moderate improvement,2,,Never,Never,Sometimes,
5/6/24 14:07,Frequently,Frequently,Frequently,Frequently,Frequently,Frequently,Frequently,Frequently,Major improvement,Major improvement,3,,Sometimes,Infrequently,Infrequently,
5/6/24 14:08,Frequently,Frequently,Sometimes,Frequently,Sometimes,Frequently,Sometimes,Sometimes,Moderate improvement,Moderate improvement,3,,Infrequently,Sometimes,Infrequently,
5/6/24 14:10,Sometimes,Sometimes,Infrequently,Frequently,Sometimes,Frequently,Frequently,Infrequently,Moderate improvement,Minor improvement,3,,Infrequently,Infrequently,Never,
5/6/24 14:10,Sometimes,Frequently,Frequently,Sometimes,Sometimes,Sometimes,Sometimes,Sometimes,Moderate improvement,Moderate improvement,4,,Never,Infrequently,Infrequently,
5/6/24 14:10,Infrequently,Sometimes,Sometimes,Sometimes,Sometimes,Sometimes,Sometimes,Frequently,Minor improvement,Moderate improvement,3,,Sometimes,Infrequently,Infrequently,
5/6/24 14:11,Sometimes,Frequently,Sometimes,Sometimes,Sometimes,Frequently,Frequently,Sometimes,Moderate improvement,Moderate improvement,3,,Sometimes,Sometimes,Frequently,
5/6/24 14:11,Frequently,Frequently,Frequently,Frequently,Frequently,Frequently,Frequently,Frequently,Major improvement,Major improvement,4,,Frequently,Frequently,Sometimes,
5/6/24 14:11,Infrequently,Infrequently,Infrequently,Infrequently,Infrequently,Infrequently,Infrequently,Infrequently,Moderate improvement,Minor improvement,4,,Never,Never,Never,
5/6/24 14:11,Frequently,Sometimes,Frequently,Frequently,Frequently,Sometimes,Frequently,Sometimes,Moderate improvement,Moderate improvement,3,,Frequently,Sometimes,Sometimes,
5/6/24 14:16,Sometimes,Frequently,Frequently,Frequently,Frequently,Frequently,Frequently,Infrequently,Moderate improvement,Minor improvement,3,,Infrequently,Infrequently,Infrequently,
5/6/24 14:21,Sometimes,Sometimes,Sometimes,Sometimes,Frequently,Sometimes,Sometimes,Sometimes,Moderate improvement,Moderate improvement,3,,Infrequently,Never,Infrequently,
5/6/24 14:35,Sometimes,Sometimes,Sometimes,Sometimes,Sometimes,Sometimes,Sometimes,Sometimes,Moderate improvement,Moderate improvement,4,,Sometimes,Sometimes,Sometimes,
5/6/24 14:38,Sometimes,Frequently,Frequently,Sometimes,Infrequently,Frequently,Sometimes,Sometimes,Moderate improvement,Moderate improvement,3,,Sometimes,Sometimes,Infrequently,
5/6/24 14:42,Frequently,Frequently,Frequently,Frequently,Frequently,Frequently,Frequently,Sometimes,Moderate improvement,Moderate improvement,3,,Sometimes,Infrequently,Infrequently,
5/6/24 15:13,Sometimes,Frequently,Frequently,Frequently,Frequently,Sometimes,Frequently,Frequently,Major improvement,Major improvement,3,,Frequently,Sometimes,Sometimes,
5/6/24 15:13,Frequently,Frequently,Frequently,Frequently,Frequently,Frequently,Frequently,Frequently,Major improvement,Major improvement,3,,Sometimes,Infrequently,Never,
5/6/24 15:43,Infrequently,Infrequently,Infrequently,Infrequently,Infrequently,Infrequently,Infrequently,Infrequently,None,None,3,,Never,Never,Never,
5/6/24 16:08,Sometimes,Sometimes,Sometimes,Sometimes,Sometimes,Sometimes,Sometimes,Sometimes,Moderate improvement,Moderate improvement,3,,Sometimes,Infrequently,Infrequently,
5/6/24 16:09,Frequently,Frequently,Infrequently,Frequently,Sometimes,Frequently,Frequently,Sometimes,Major improvement,Moderate improvement,3,,Frequently,Frequently,Frequently,
5/6/24 16:10,Frequently,Frequently,Frequently,Frequently,Sometimes,Frequently,Frequently,Frequently,Major improvement,Major improvement,3,,Frequently,Frequently,Frequently,
5/6/24 16:10,Sometimes,Sometimes,Sometimes,Sometimes,Sometimes,,Sometimes,Sometimes,Moderate improvement,Moderate improvement,2,,Sometimes,Sometimes,Sometimes,
5/6/24 16:10,Sometimes,Frequently,Sometimes,Sometimes,Sometimes,Sometimes,Frequently,Sometimes,Moderate improvement,Moderate improvement,4,,Sometimes,Infrequently,Sometimes,
5/6/24 16:10,Frequently,Frequently,Sometimes,Frequently,Frequently,Frequently,Frequently,Frequently,Moderate improvement,Major improvement,1,,Sometimes,Infrequently,Infrequently,
5/6/24 16:10,Frequently,Frequently,Frequently,Frequently,Frequently,Frequently,Frequently,Frequently,Moderate improvement,Major improvement,4,,Never,Never,Never,
5/6/24 16:12,Sometimes,Frequently,Infrequently,Frequently,Frequently,Frequently,Frequently,Sometimes,Moderate improvement,Moderate improvement,3,,Infrequently,Infrequently,Sometimes,
5/6/24 16:12,Infrequently,Frequently,Sometimes,Frequently,Frequently,Frequently,Frequently,Infrequently,Moderate improvement,Minor improvement,2,,Sometimes,Infrequently,Infrequently,
5/6/24 16:12,Infrequently,Sometimes,Sometimes,Sometimes,Sometimes,Sometimes,Sometimes,Infrequently,Moderate improvement,Minor improvement,3,,Sometimes,Sometimes,Sometimes,
5/6/24 16:12,Frequently,Frequently,Frequently,Frequently,Frequently,Frequently,Frequently,Frequently,Major improvement,Major improvement,3,,Sometimes,Sometimes,Sometimes,
5/6/24 16:12,Sometimes,Frequently,Sometimes,Sometimes,Frequently,Infrequently,Sometimes,Sometimes,Major improvement,Moderate improvement,3,,Frequently,Frequently,Infrequently,
5/6/24 16:12,Frequently,Frequently,Frequently,Frequently,Frequently,Frequently,Frequently,Frequently,Major improvement,Major improvement,3,,Infrequently,Sometimes,Sometimes,
5/6/24 16:12,Frequently,Frequently,Frequently,Sometimes,Infrequently,Infrequently,Sometimes,Infrequently,Moderate improvement,Minor improvement,1,,Frequently,Never,Never,
5/6/24 16:13,Frequently,Frequently,Frequently,Frequently,Frequently,Frequently,Frequently,Frequently,Moderate improvement,Major improvement,4,,Sometimes,Sometimes,Sometimes,
5/6/24 16:13,Sometimes,Sometimes,Sometimes,Sometimes,Sometimes,Sometimes,Sometimes,Infrequently,Moderate improvement,Minor improvement,1,,Infrequently,Never,Infrequently,
5/6/24 16:13,Frequently,Frequently,Sometimes,Frequently,Frequently,Frequently,Frequently,Frequently,Major improvement,Major improvement,2,,Frequently,Sometimes,Sometimes,
5/6/24 16:13,Sometimes,Sometimes,Sometimes,Sometimes,Sometimes,Sometimes,Sometimes,Sometimes,Moderate improvement,Moderate improvement,3,,Sometimes,Sometimes,Sometimes,
5/6/24 16:13,Sometimes,Sometimes,Sometimes,Sometimes,Sometimes,Sometimes,Sometimes,Sometimes,Minor improvement,Moderate improvement,3,,Infrequently,Never,Never,
5/6/24 16:14,Infrequently,Frequently,Sometimes,Sometimes,Sometimes,Sometimes,Sometimes,Sometimes,Moderate improvement,Moderate improvement,3,,Sometimes,Infrequently,Infrequently,
5/6/24 16:14,Sometimes,Sometimes,Sometimes,Sometimes,Sometimes,Sometimes,Sometimes,Sometimes,Moderate improvement,Moderate improvement,3,,Sometimes,Never,Sometimes,
5/6/24 16:14,Sometimes,Frequently,Frequently,Infrequently,Sometimes,Infrequently,Infrequently,Infrequently,Moderate improvement,Minor improvement,4,,Sometimes,Never,Infrequently,
5/6/24 16:15,Sometimes,Sometimes,Sometimes,Sometimes,Sometimes,Sometimes,Sometimes,Sometimes,Moderate improvement,Moderate improvement,3,,Frequently,Sometimes,Sometimes,
5/6/24 16:15,Sometimes,Frequently,Frequently,Frequently,Frequently,Frequently,Sometimes,Frequently,Moderate improvement,Major improvement,3,,Sometimes,Never,Never,
5/6/24 16:15,Frequently,Frequently,Frequently,Frequently,Frequently,Frequently,Frequently,Frequently,Major improvement,Major improvement,3,,Infrequently,Never,Never,
5/6/24 16:16,Sometimes,Sometimes,Sometimes,Sometimes,Sometimes,Sometimes,Sometimes,Sometimes,Moderate improvement,Moderate improvement,3,,Sometimes,Sometimes,Sometimes,
5/6/24 16:16,Infrequently,Frequently,Infrequently,Sometimes,Frequently,Sometimes,Sometimes,Never,Moderate improvement,Minor improvement,3,,Sometimes,Infrequently,Infrequently,
5/6/24 16:19,Sometimes,Sometimes,Sometimes,Sometimes,Sometimes,Sometimes,Sometimes,Sometimes,Moderate improvement,Moderate improvement,3,,Frequently,Sometimes,Infrequently,
5/6/24 16:20,Infrequently,Sometimes,Sometimes,Sometimes,Sometimes,Sometimes,Sometimes,Infrequently,Moderate improvement,Minor improvement,3,,Never,Sometimes,Infrequently,
5/6/24 16:37,Sometimes,Sometimes,Sometimes,Sometimes,Sometimes,Sometimes,Sometimes,Frequently,Minor improvement,Moderate improvement,4,,Infrequently,Never,Never,
5/6/24 16:49,Frequently,Frequently,Frequently,Frequently,Frequently,Frequently,Frequently,Frequently,Major improvement,Major improvement,3,,Sometimes,Sometimes,Sometimes,
5/6/24 16:53,Infrequently,Sometimes,Sometimes,Sometimes,Sometimes,Sometimes,Sometimes,Sometimes,Minor improvement,Moderate improvement,4,,Sometimes,Never,Infrequently,
5/6/24 17:02,Frequently,Frequently,Never,Sometimes,Frequently,Sometimes,Sometimes,Sometimes,Moderate improvement,Moderate improvement,3,,Infrequently,Infrequently,Infrequently,
5/6/24 17:10,Frequently,Frequently,Frequently,Frequently,Frequently,Frequently,Frequently,Sometimes,Major improvement,Moderate improvement,3,,Never,Never,Never,
5/6/24 17:34,Sometimes,Sometimes,Sometimes,Sometimes,Sometimes,Sometimes,Sometimes,Sometimes,Moderate improvement,Moderate improvement,3,,Never,Never,Never,
5/6/24 18:23,Sometimes,Sometimes,Sometimes,Sometimes,Sometimes,Sometimes,Sometimes,Sometimes,Moderate improvement,Moderate improvement,4,,Infrequently,Infrequently,Infrequently,
5/6/24 18:43,Frequently,Frequently,Frequently,Frequently,Frequently,Frequently,Frequently,Frequently,Major improvement,Major improvement,3,,Frequently,Frequently,Frequently,
5/6/24 19:18,Sometimes,Frequently,Frequently,Frequently,Frequently,Frequently,Frequently,Frequently,Moderate improvement,Major improvement,1,,Sometimes,Infrequently,Infrequently,
5/6/24 20:16,Sometimes,Frequently,Infrequently,Frequently,Frequently,Frequently,Sometimes,Infrequently,None,Minor improvement,3,,Infrequently,Never,Never,
5/6/24 20:52,Sometimes,Frequently,Frequently,Frequently,Infrequently,Never,Infrequently,Never,None,None,4,,Sometimes,Never,Never,
5/6/24 21:22,Infrequently,Frequently,Frequently,Sometimes,Sometimes,Sometimes,Sometimes,Sometimes,Moderate improvement,Moderate improvement,4,,Frequently,Infrequently,Infrequently,
5/6/24 21:25,Infrequently,Infrequently,Infrequently,Infrequently,Sometimes,Sometimes,Sometimes,Infrequently,Moderate improvement,Minor improvement,4,,Infrequently,Infrequently,Infrequently,
5/6/24 21:28,Frequently,Frequently,Frequently,Frequently,Frequently,Sometimes,Infrequently,Sometimes,Major improvement,Moderate improvement,4,,Sometimes,Infrequently,Infrequently,
5/6/24 21:42,Frequently,Frequently,Frequently,Frequently,Frequently,Frequently,Frequently,Frequently,Major improvement,Major improvement,3,,Infrequently,Infrequently,Infrequently,
5/6/24 22:01,Frequently,Sometimes,Sometimes,Sometimes,Sometimes,Frequently,Sometimes,Frequently,Moderate improvement,Major improvement,4,,Frequently,Sometimes,Sometimes,
5/6/24 22:11,Sometimes,Sometimes,Sometimes,Sometimes,Sometimes,Sometimes,Sometimes,Sometimes,Moderate improvement,Moderate improvement,4,,Sometimes,Sometimes,Sometimes,
5/6/24 22:28,Sometimes,Frequently,Frequently,Frequently,Frequently,Never,Frequently,Never,Major improvement,Moderate improvement,4,,Frequently,Never,Infrequently,
5/6/24 23:26,Sometimes,Sometimes,Sometimes,Sometimes,Sometimes,Sometimes,Sometimes,Infrequently,Moderate improvement,Minor improvement,3,,Infrequently,Infrequently,Infrequently,
5/6/24 23:50,Infrequently,Frequently,Frequently,Frequently,Frequently,Sometimes,Sometimes,Sometimes,Moderate improvement,Moderate improvement,4,,Sometimes,Infrequently,Infrequently,
5/7/24 0:17,Sometimes,Frequently,Frequently,Sometimes,Sometimes,Sometimes,Frequently,Sometimes,Moderate improvement,Moderate improvement,3,,Sometimes,Never,Never,
5/7/24 0:37,Sometimes,Frequently,Frequently,Frequently,Frequently,Sometimes,Frequently,Sometimes,Moderate improvement,Moderate improvement,3,,Frequently,Sometimes,Sometimes,
5/7/24 0:40,Sometimes,Frequently,Sometimes,Sometimes,Infrequently,Never,Never,Infrequently,Moderate improvement,Minor improvement,3,,Sometimes,Infrequently,Infrequently,
5/7/24 6:04,Frequently,Frequently,Frequently,Frequently,Frequently,Sometimes,Sometimes,Sometimes,Moderate improvement,Moderate improvement,4,,Frequently,Sometimes,Infrequently,
5/7/24 9:25,Frequently,Frequently,Sometimes,Sometimes,Sometimes,Sometimes,Sometimes,Frequently,Moderate improvement,Major improvement,4,,Infrequently,Infrequently,Infrequently,
5/7/24 9:53,Infrequently,Sometimes,Frequently,Infrequently,Infrequently,Sometimes,Sometimes,Infrequently,Moderate improvement,Minor improvement,3,,Frequently,Sometimes,Sometimes,
5/7/24 10:06,Frequently,Frequently,Frequently,Frequently,Frequently,Frequently,Frequently,Frequently,Moderate improvement,Major improvement,3,,Frequently,Frequently,Frequently,
5/7/24 11:05,Frequently,Frequently,Frequently,Frequently,Frequently,Frequently,Frequently,Sometimes,Moderate improvement,Moderate improvement,3,,Infrequently,Never,Never,
5/7/24 11:21,,,Frequently,,Frequently,Frequently,Frequently,Frequently,Major improvement,Major improvement,3,,,Sometimes,Sometimes,
5/7/24 12:13,Frequently,Frequently,Frequently,Frequently,Frequently,Frequently,Frequently,Frequently,None,Moderate improvement,4,,Frequently,Frequently,Frequently,
5/7/24 14:26,Frequently,Sometimes,Frequently,Sometimes,Sometimes,Frequently,Sometimes,Sometimes,Moderate improvement,Moderate improvement,4,,Frequently,Frequently,Frequently,
5/7/24 15:03,Frequently,Frequently,Frequently,Frequently,Frequently,Frequently,Frequently,Frequently,Moderate improvement,Major improvement,3,,Infrequently,Sometimes,Never,
5/7/24 15:05,Sometimes,Frequently,Frequently,Sometimes,Frequently,Sometimes,Frequently,Frequently,Major improvement,Major improvement,3,,Frequently,Infrequently,Infrequently,
5/7/24 15:12,Sometimes,Sometimes,Frequently,Frequently,Sometimes,Infrequently,Sometimes,Infrequently,Moderate improvement,Minor improvement,3,,Infrequently,Infrequently,Infrequently,
5/7/24 18:46,Frequently,Frequently,Frequently,Frequently,Frequently,Frequently,Frequently,Frequently,Moderate improvement,Major improvement,4,,Infrequently,Infrequently,Infrequently,
5/7/24 19:15,Sometimes,Sometimes,Frequently,Frequently,Frequently,Infrequently,Never,Sometimes,Major improvement,Moderate improvement,3,,Frequently,Infrequently,Infrequently,
5/7/24 20:13,Sometimes,Frequently,Sometimes,Sometimes,Sometimes,Sometimes,Sometimes,Sometimes,Major improvement,Moderate improvement,4,,Sometimes,Infrequently,Sometimes,
5/7/24 20:38,Infrequently,Sometimes,Infrequently,Never,Never,Infrequently,Infrequently,Infrequently,Moderate improvement,Minor improvement,2,,Infrequently,Never,Never,
5/7/24 20:46,Frequently,Frequently,Frequently,Frequently,Frequently,Frequently,Sometimes,Frequently,Moderate improvement,Major improvement,3,,Sometimes,Infrequently,Never,
5/7/24 21:28,Sometimes,Sometimes,Frequently,Frequently,Sometimes,Infrequently,Infrequently,Sometimes,Minor improvement,Moderate improvement,3,,Infrequently,Infrequently,Never,
5/7/24 21:29,Sometimes,Frequently,Frequently,Sometimes,Sometimes,Infrequently,Infrequently,Frequently,Moderate improvement,Major improvement,3,,Frequently,Sometimes,Sometimes,
5/7/24 21:43,Sometimes,Sometimes,Sometimes,Sometimes,Sometimes,Infrequently,Sometimes,Infrequently,Moderate improvement,Minor improvement,4,,Infrequently,Infrequently,Infrequently,
5/7/24 22:21,Sometimes,Frequently,Frequently,Frequently,Frequently,Infrequently,Sometimes,Sometimes,Major improvement,Moderate improvement,4,,Frequently,Sometimes,Sometimes,
5/7/24 23:48,Infrequently,Sometimes,Sometimes,Sometimes,Infrequently,Infrequently,Infrequently,Sometimes,Moderate improvement,Moderate improvement,3,,Sometimes,Infrequently,Infrequently,
5/8/24 8:24,Sometimes,Frequently,Frequently,Frequently,Frequently,Sometimes,Frequently,Frequently,Moderate improvement,Major improvement,3,,Sometimes,Sometimes,Sometimes,
5/8/24 8:44,Frequently,Frequently,Frequently,Sometimes,Frequently,Infrequently,Sometimes,Frequently,Moderate improvement,Major improvement,3,,Infrequently,Never,Never,
5/8/24 8:46,Sometimes,Sometimes,Sometimes,Sometimes,Sometimes,Sometimes,Sometimes,Sometimes,Moderate improvement,Moderate improvement,3,,Infrequently,Infrequently,Infrequently,
5/8/24 9:00,Frequently,Frequently,Frequently,Frequently,Infrequently,Infrequently,Sometimes,Infrequently,Major improvement,Moderate improvement,3,,Sometimes,Infrequently,Sometimes,
5/8/24 9:07,Infrequently,Sometimes,Sometimes,Infrequently,Sometimes,Infrequently,Sometimes,Infrequently,Moderate improvement,Minor improvement,3,,Infrequently,Infrequently,Infrequently,
5/8/24 10:42,Infrequently,Sometimes,Sometimes,Infrequently,Infrequently,Sometimes,Infrequently,Infrequently,Moderate improvement,Minor improvement,3,,Frequently,Sometimes,Sometimes,
5/8/24 10:43,Sometimes,Sometimes,Sometimes,Frequently,Frequently,Frequently,Frequently,Sometimes,Moderate improvement,Moderate improvement,3,,Frequently,Sometimes,Sometimes,
5/8/24 11:16,Sometimes,Sometimes,Sometimes,Sometimes,Sometimes,Sometimes,Sometimes,Sometimes,Minor improvement,Moderate improvement,3,,Infrequently,Infrequently,Infrequently,
5/8/24 11:19,Sometimes,Sometimes,Sometimes,Sometimes,Sometimes,Sometimes,Infrequently,Sometimes,Moderate improvement,Moderate improvement,3,,Frequently,Sometimes,Sometimes,
5/8/24 11:27,Infrequently,Frequently,Frequently,Frequently,Sometimes,Sometimes,Sometimes,Sometimes,Moderate improvement,Moderate improvement,3,,Frequently,Sometimes,Infrequently,
5/8/24 12:07,Sometimes,Frequently,Frequently,Frequently,Frequently,Frequently,Frequently,Sometimes,Moderate improvement,Moderate improvement,4,,Frequently,Sometimes,Infrequently,
5/8/24 12:10,Frequently,Frequently,Frequently,Sometimes,Sometimes,Sometimes,Frequently,Sometimes,Major improvement,Moderate improvement,4,,Frequently,Frequently,Sometimes,
5/8/24 12:11,Sometimes,Infrequently,Sometimes,Sometimes,Sometimes,Sometimes,Sometimes,Sometimes,Moderate improvement,Moderate improvement,3,,Never,Never,Never,
5/8/24 12:13,Frequently,Frequently,Frequently,Frequently,Frequently,Frequently,Frequently,Never,Major improvement,Moderate improvement,3,,Infrequently,Never,Never,
5/8/24 12:15,Sometimes,Sometimes,Sometimes,Sometimes,Sometimes,Sometimes,Sometimes,Sometimes,None,Minor improvement,3,,Never,Never,Never,
5/8/24 12:15,Frequently,Frequently,Frequently,Frequently,Frequently,Sometimes,Sometimes,Sometimes,Moderate improvement,Moderate improvement,3,,Sometimes,Never,Sometimes,
5/8/24 12:15,Frequently,Frequently,Sometimes,Frequently,Frequently,Frequently,Frequently,Frequently,Major improvement,Major improvement,3,,Sometimes,Sometimes,Sometimes,
5/8/24 12:16,Sometimes,Frequently,Sometimes,Frequently,Sometimes,Sometimes,Sometimes,Sometimes,Moderate improvement,Moderate improvement,2,,,,Infrequently,
5/8/24 12:16,Infrequently,Frequently,Sometimes,Frequently,Sometimes,Frequently,Frequently,Sometimes,Moderate improvement,Moderate improvement,3,,Infrequently,Never,Sometimes,
5/8/24 12:17,Frequently,Frequently,Frequently,Frequently,Frequently,Frequently,Frequently,Frequently,Major improvement,Major improvement,4,,Frequently,Sometimes,Sometimes,
5/8/24 12:17,Infrequently,Frequently,Frequently,Frequently,Sometimes,Infrequently,Sometimes,Sometimes,Moderate improvement,Moderate improvement,3,,Sometimes,Infrequently,Sometimes,
5/8/24 12:17,Sometimes,Frequently,Frequently,Sometimes,Sometimes,Sometimes,Sometimes,Sometimes,Moderate improvement,Moderate improvement,3,,Sometimes,Infrequently,Infrequently,
5/8/24 12:18,Sometimes,Frequently,Frequently,Frequently,Sometimes,Infrequently,Sometimes,Sometimes,Moderate improvement,Moderate improvement,3,,Frequently,Sometimes,Infrequently,
5/8/24 12:19,Frequently,Frequently,Sometimes,Frequently,Frequently,Frequently,Frequently,Frequently,Major improvement,Major improvement,3,,Infrequently,Frequently,Sometimes,
5/8/24 12:21,Frequently,Frequently,Frequently,Frequently,Frequently,Sometimes,Sometimes,Frequently,Moderate improvement,Major improvement,3,,Sometimes,Infrequently,Infrequently,
5/8/24 12:22,Sometimes,Frequently,Sometimes,Sometimes,Sometimes,Sometimes,Sometimes,Frequently,Moderate improvement,Major improvement,3,,Frequently,Infrequently,Sometimes,
5/8/24 12:23,Frequently,Frequently,Frequently,Frequently,Frequently,Frequently,Frequently,Frequently,Major improvement,Major improvement,3,,Sometimes,Sometimes,Frequently,
5/8/24 12:23,Sometimes,Sometimes,Sometimes,Frequently,Sometimes,Sometimes,Sometimes,Sometimes,Major improvement,Moderate improvement,3,,Sometimes,Infrequently,Sometimes,
5/8/24 12:24,Frequently,Frequently,Frequently,Frequently,Frequently,Frequently,Frequently,Frequently,Major improvement,Major improvement,2,,Frequently,Frequently,Frequently,
5/8/24 12:30,Sometimes,Frequently,Sometimes,Sometimes,Frequently,Sometimes,Infrequently,Sometimes,Moderate improvement,Moderate improvement,4,,Frequently,Infrequently,Sometimes,
5/8/24 12:31,Never,Infrequently,Infrequently,Infrequently,Infrequently,Infrequently,Infrequently,Never,Minor improvement,None,3,,Infrequently,Sometimes,Infrequently,
5/8/24 12:34,Frequently,Frequently,Frequently,Frequently,Frequently,Frequently,Frequently,Frequently,Moderate improvement,Major improvement,3,,Sometimes,Infrequently,Sometimes,
5/8/24 12:41,Infrequently,Infrequently,Sometimes,Sometimes,Sometimes,Infrequently,Sometimes,Sometimes,Moderate improvement,Moderate improvement,3,,Infrequently,Infrequently,Infrequently,
5/8/24 12:42,Never,Frequently,Sometimes,Sometimes,Frequently,Infrequently,Infrequently,Sometimes,Moderate improvement,Moderate improvement,3,,Frequently,Sometimes,Sometimes,
5/8/24 14:07,Frequently,Frequently,Frequently,Frequently,Frequently,Frequently,Frequently,Frequently,Major improvement,Major improvement,3,,Frequently,Frequently,Frequently,
5/8/24 14:49,Sometimes,Frequently,Frequently,Sometimes,Sometimes,Infrequently,Infrequently,Sometimes,Moderate improvement,Moderate improvement,4,,Sometimes,Infrequently,Infrequently,
5/8/24 15:29,Sometimes,Sometimes,Frequently,Frequently,Sometimes,Sometimes,Sometimes,Sometimes,Minor improvement,Moderate improvement,3,,Sometimes,Sometimes,Infrequently,
5/8/24 15:35,Infrequently,Sometimes,Sometimes,Frequently,Infrequently,Never,Never,Infrequently,Moderate improvement,Minor improvement,3,,Never,Sometimes,Infrequently,
5/8/24 16:16,Frequently,Frequently,Frequently,Frequently,Sometimes,Frequently,Sometimes,Sometimes,Moderate improvement,Moderate improvement,3,,Sometimes,Infrequently,Sometimes,
5/8/24 16:29,Frequently,Frequently,Frequently,Frequently,Frequently,Frequently,Frequently,Frequently,None,Moderate improvement,3,,Frequently,Frequently,Frequently,
5/8/24 16:30,Sometimes,Sometimes,Sometimes,Never,,Sometimes,Sometimes,Sometimes,Major improvement,Moderate improvement,3,,Sometimes,Infrequently,Sometimes,
5/8/24 16:30,Frequently,Frequently,Frequently,Frequently,Frequently,Frequently,Frequently,Frequently,Major improvement,Major improvement,2,,Frequently,Frequently,Frequently,
5/8/24 16:32,Sometimes,Frequently,Frequently,Frequently,Sometimes,Infrequently,Sometimes,Infrequently,Major improvement,Moderate improvement,4,,Sometimes,Sometimes,Sometimes,
5/8/24 16:42,Frequently,Frequently,Frequently,Frequently,Frequently,Frequently,Frequently,Frequently,Major improvement,Major improvement,3,,Sometimes,Sometimes,Sometimes,
5/8/24 17:25,Sometimes,Frequently,Frequently,Frequently,Frequently,Sometimes,Frequently,Sometimes,Moderate improvement,Moderate improvement,4,,Infrequently,Infrequently,Infrequently,
5/8/24 18:00,Frequently,Frequently,Frequently,Frequently,Frequently,Infrequently,Frequently,Never,Major improvement,Moderate improvement,4,,Infrequently,Infrequently,Infrequently,
5/8/24 18:08,Sometimes,Sometimes,Frequently,Frequently,Frequently,Sometimes,Sometimes,Sometimes,Minor improvement,Moderate improvement,3,,Frequently,Sometimes,Sometimes,
5/8/24 18:10,Sometimes,Sometimes,Sometimes,Sometimes,Sometimes,Sometimes,Sometimes,Sometimes,Moderate improvement,Moderate improvement,4,,Sometimes,Sometimes,Sometimes,
5/8/24 18:12,Sometimes,Sometimes,Sometimes,Infrequently,Frequently,Sometimes,Sometimes,Never,Moderate improvement,Minor improvement,4,,Frequently,Sometimes,Sometimes,
5/8/24 18:15,Sometimes,Never,Sometimes,Sometimes,Sometimes,Sometimes,Sometimes,Infrequently,Moderate improvement,Minor improvement,4,,Infrequently,Infrequently,Infrequently,
5/8/24 18:36,Infrequently,Infrequently,Sometimes,Sometimes,Sometimes,Infrequently,Sometimes,Sometimes,None,Minor improvement,3,,Sometimes,Infrequently,Sometimes,
5/8/24 18:40,Frequently,Frequently,Frequently,Frequently,Frequently,Frequently,Frequently,Frequently,Major improvement,Major improvement,3,,Frequently,Frequently,Frequently,
5/8/24 19:18,Sometimes,Frequently,Frequently,Frequently,Frequently,Sometimes,Sometimes,Frequently,Moderate improvement,Major improvement,4,,Sometimes,Infrequently,Sometimes,
5/8/24 19:18,Frequently,Frequently,Frequently,Frequently,Frequently,Frequently,Frequently,Sometimes,Moderate improvement,Moderate improvement,3,,Frequently,Frequently,Frequently,
5/8/24 19:19,Frequently,Infrequently,Frequently,Sometimes,Sometimes,Sometimes,Sometimes,Sometimes,Moderate improvement,Moderate improvement,3,,Sometimes,Frequently,Frequently,
5/8/24 19:23,Sometimes,Sometimes,Sometimes,Sometimes,Sometimes,Sometimes,Sometimes,Infrequently,Moderate improvement,Minor improvement,4,,Sometimes,Infrequently,Sometimes,
5/8/24 19:23,Never,Infrequently,Infrequently,Never,Never,Never,Never,Never,Minor improvement,None,3,,Infrequently,Never,Never,
5/8/24 20:08,Infrequently,Never,Infrequently,Infrequently,Infrequently,Infrequently,Never,Never,Minor improvement,None,3,,Never,Never,Never,
5/8/24 20:16,Sometimes,Frequently,Frequently,Frequently,Sometimes,Never,Infrequently,Frequently,Minor improvement,Moderate improvement,4,,Infrequently,Never,Infrequently,
5/8/24 20:26,Frequently,Frequently,Frequently,Frequently,Frequently,Sometimes,Frequently,Frequently,Moderate improvement,Major improvement,3,,Sometimes,Sometimes,Sometimes,
5/8/24 20:49,Frequently,Frequently,Frequently,Sometimes,Frequently,Infrequently,Sometimes,Sometimes,Moderate improvement,Moderate improvement,4,,Never,Never,Never,
5/8/24 20:51,Sometimes,Frequently,Sometimes,Frequently,Frequently,Sometimes,Frequently,Frequently,Moderate improvement,Major improvement,3,,Frequently,Infrequently,Sometimes,
5/8/24 21:03,Sometimes,Frequently,Frequently,Sometimes,Sometimes,Sometimes,Frequently,Infrequently,Major improvement,Moderate improvement,3,,Never,Never,Never,
5/8/24 21:35,Sometimes,Frequently,Frequently,Frequently,Frequently,Sometimes,Frequently,Frequently,Major improvement,Major improvement,3,,Sometimes,Never,Infrequently,
5/8/24 21:37,Frequently,Frequently,Never,Never,Infrequently,Never,Sometimes,Frequently,Minor improvement,Moderate improvement,4,,Sometimes,Never,Never,
5/8/24 21:55,Sometimes,Frequently,Frequently,Infrequently,Infrequently,Infrequently,Infrequently,Infrequently,Minor improvement,Minor improvement,4,,Sometimes,Infrequently,Infrequently,
5/8/24 22:18,Sometimes,Frequently,Infrequently,Sometimes,Sometimes,Sometimes,Sometimes,Sometimes,Moderate improvement,Moderate improvement,4,,Sometimes,Infrequently,Infrequently,
5/8/24 23:31,Infrequently,Infrequently,Infrequently,Infrequently,Infrequently,Infrequently,Infrequently,Infrequently,Minor improvement,Minor improvement,3,,Frequently,Sometimes,Sometimes,
5/9/24 8:06,Sometimes,Sometimes,Sometimes,Sometimes,Sometimes,Sometimes,Sometimes,Infrequently,Moderate improvement,Minor improvement,1,,Infrequently,Infrequently,Infrequently,
5/9/24 8:29,Frequently,Frequently,Frequently,Frequently,Frequently,Sometimes,Frequently,Frequently,Major improvement,Major improvement,4,,Sometimes,Sometimes,Sometimes,
5/9/24 8:31,Frequently,Frequently,Frequently,Frequently,Frequently,Sometimes,Sometimes,Sometimes,Minor improvement,Moderate improvement,4,,Infrequently,Infrequently,Infrequently,
5/9/24 8:48,Infrequently,Frequently,Frequently,Infrequently,Sometimes,Sometimes,Sometimes,Infrequently,Minor improvement,Minor improvement,4,,Frequently,Sometimes,Frequently,
5/9/24 9:14,Sometimes,Sometimes,Sometimes,Sometimes,Sometimes,Sometimes,Sometimes,Sometimes,Moderate improvement,Moderate improvement,2,,Sometimes,Sometimes,Sometimes,
5/9/24 9:21,Sometimes,Sometimes,Sometimes,Sometimes,Sometimes,Sometimes,Sometimes,Sometimes,Moderate improvement,Moderate improvement,3,,Sometimes,Sometimes,Sometimes,
5/9/24 9:59,Frequently,Sometimes,Sometimes,Sometimes,Frequently,Sometimes,Sometimes,Sometimes,None,Minor improvement,4,,Sometimes,Sometimes,Sometimes,
5/9/24 10:58,Frequently,Frequently,Frequently,Frequently,Frequently,Frequently,Frequently,Frequently,Major improvement,Major improvement,3,,Frequently,Infrequently,Sometimes,
5/9/24 11:37,Frequently,Frequently,Frequently,Frequently,Frequently,Frequently,Frequently,Frequently,Major improvement,Major improvement,4,,Sometimes,Infrequently,Infrequently,
5/9/24 11:38,Frequently,Frequently,Frequently,Frequently,Never,Frequently,Sometimes,Frequently,Moderate improvement,Major improvement,4,,Sometimes,Frequently,Sometimes,
5/9/24 11:43,Frequently,Frequently,Frequently,Sometimes,Frequently,Frequently,Frequently,Sometimes,Major improvement,Moderate improvement,2,,Sometimes,Frequently,Sometimes,
5/9/24 11:48,Infrequently,Frequently,Frequently,Frequently,Frequently,Frequently,Sometimes,Infrequently,Moderate improvement,Minor improvement,4,,Infrequently,Never,Infrequently,
5/9/24 12:54,Frequently,Frequently,Frequently,Frequently,Frequently,Infrequently,Infrequently,Frequently,Moderate improvement,Major improvement,2,,Sometimes,Frequently,Sometimes,
5/9/24 12:55,Frequently,Frequently,Sometimes,Frequently,Sometimes,Frequently,Frequently,Frequently,None,Moderate improvement,3,,Sometimes,Never,Sometimes,
5/9/24 13:23,Frequently,Frequently,Frequently,Frequently,Frequently,Frequently,Frequently,Frequently,,Major improvement,3,,Sometimes,Infrequently,Infrequently,
5/9/24 13:54,Frequently,Frequently,Frequently,Frequently,Frequently,Frequently,Frequently,Frequently,Major improvement,Major improvement,3,,Frequently,Sometimes,Sometimes,
5/9/24 13:57,Sometimes,Frequently,Frequently,Sometimes,Sometimes,Sometimes,Sometimes,Infrequently,Moderate improvement,Minor improvement,3,,Sometimes,Infrequently,Sometimes,
5/9/24 14:04,Infrequently,Infrequently,Infrequently,Infrequently,Infrequently,Infrequently,Infrequently,Infrequently,Moderate improvement,Minor improvement,2,,Infrequently,Infrequently,Infrequently,
5/9/24 14:13,Frequently,Frequently,Sometimes,Frequently,Sometimes,Infrequently,Frequently,Frequently,Major improvement,Major improvement,3,,Infrequently,Infrequently,Infrequently,
5/9/24 14:13,Never,Sometimes,Sometimes,Sometimes,Sometimes,Never,Sometimes,Sometimes,Moderate improvement,Moderate improvement,3,,Infrequently,Infrequently,Infrequently,
5/9/24 14:14,Frequently,Frequently,Infrequently,Infrequently,Frequently,Infrequently,Infrequently,Infrequently,Major improvement,Moderate improvement,4,,Infrequently,Never,Infrequently,
5/9/24 14:15,Sometimes,Frequently,Sometimes,Sometimes,Sometimes,Infrequently,Sometimes,Sometimes,Minor improvement,Moderate improvement,3,,Never,Infrequently,Never,
5/9/24 14:20,Frequently,Frequently,Sometimes,Sometimes,Infrequently,Sometimes,Infrequently,Infrequently,Major improvement,Moderate improvement,3,,Infrequently,Infrequently,Infrequently,
5/9/24 14:24,Frequently,Frequently,Frequently,Frequently,Frequently,Frequently,Frequently,Frequently,Major improvement,Major improvement,2,,Frequently,Frequently,Frequently,
5/9/24 14:44,Sometimes,Sometimes,Sometimes,,,Sometimes,Sometimes,Sometimes,Moderate improvement,Moderate improvement,3,,Sometimes,Sometimes,Sometimes,
5/9/24 14:50,Sometimes,Sometimes,Frequently,Frequently,Frequently,Frequently,Frequently,Sometimes,Moderate improvement,Moderate improvement,4,,Never,Never,Never,
5/9/24 15:10,Sometimes,Frequently,Frequently,,Frequently,Frequently,Frequently,Sometimes,Moderate improvement,Moderate improvement,4,,Infrequently,Sometimes,Sometimes,
5/9/24 15:43,Frequently,Frequently,Frequently,Frequently,Frequently,Frequently,Sometimes,Frequently,Major improvement,Major improvement,3,,Frequently,Sometimes,Frequently,
5/9/24 16:20,Sometimes,Frequently,Sometimes,Frequently,Frequently,Sometimes,Sometimes,Infrequently,Moderate improvement,Minor improvement,4,,Sometimes,Infrequently,Never,
5/9/24 16:20,Frequently,Frequently,Frequently,Frequently,Frequently,Frequently,Frequently,Frequently,Moderate improvement,Major improvement,4,,Infrequently,Never,Infrequently,
5/9/24 16:30,Sometimes,Frequently,Frequently,Frequently,Frequently,Infrequently,Infrequently,Never,Moderate improvement,Minor improvement,3,,Frequently,Frequently,Infrequently,
5/9/24 16:32,Sometimes,Sometimes,Sometimes,Infrequently,Sometimes,Sometimes,Sometimes,Sometimes,Major improvement,Moderate improvement,3,,Infrequently,Infrequently,Infrequently,
5/9/24 16:42,Sometimes,Sometimes,Sometimes,Sometimes,Sometimes,Sometimes,Sometimes,Sometimes,Moderate improvement,Moderate improvement,3,,Infrequently,Never,Infrequently,
5/9/24 16:43,Never,Never,Never,Never,Infrequently,Infrequently,Infrequently,Never,None,None,2,,Never,Never,Never,
5/9/24 17:17,Infrequently,Infrequently,Sometimes,Never,Infrequently,Infrequently,Infrequently,Infrequently,Minor improvement,Minor improvement,3,,,Infrequently,Infrequently,
5/9/24 18:08,Sometimes,Frequently,Frequently,Frequently,Frequently,Frequently,Sometimes,Sometimes,Moderate improvement,Moderate improvement,3,,Sometimes,Frequently,Sometimes,
5/9/24 18:12,Frequently,Frequently,Sometimes,Sometimes,Sometimes,Sometimes,Sometimes,Sometimes,Moderate improvement,Moderate improvement,4,,Sometimes,Infrequently,Infrequently,
5/9/24 18:22,Sometimes,Frequently,Frequently,Frequently,Frequently,Sometimes,Sometimes,Infrequently,Minor improvement,Minor improvement,4,,Sometimes,Infrequently,Sometimes,
5/9/24 18:47,Sometimes,Sometimes,Sometimes,Sometimes,Sometimes,Infrequently,Sometimes,Sometimes,Moderate improvement,Moderate improvement,4,,Infrequently,Infrequently,Never,
5/9/24 19:11,Sometimes,Sometimes,Sometimes,Sometimes,Sometimes,Sometimes,Sometimes,Sometimes,Moderate improvement,Moderate improvement,4,,Sometimes,Sometimes,Sometimes,
5/9/24 19:13,Frequently,Frequently,Frequently,Frequently,Frequently,Infrequently,Infrequently,Frequently,Moderate improvement,Major improvement,3,,Frequently,Frequently,Frequently,
5/9/24 19:13,Sometimes,Sometimes,Never,Sometimes,Never,Never,Sometimes,Frequently,Moderate improvement,Major improvement,4,,Never,Never,Never,
5/9/24 19:13,Sometimes,Frequently,Frequently,Sometimes,Sometimes,Infrequently,Infrequently,Never,Moderate improvement,Minor improvement,3,,Infrequently,Infrequently,Infrequently,
5/9/24 19:14,Sometimes,Sometimes,Sometimes,Infrequently,Sometimes,Infrequently,Sometimes,Sometimes,Minor improvement,Moderate improvement,4,,Frequently,Never,Never,
5/9/24 19:17,Frequently,Frequently,Frequently,Frequently,Frequently,Sometimes,Frequently,Frequently,Major improvement,Major improvement,1,,Frequently,Sometimes,Sometimes,
5/9/24 19:25,Frequently,Frequently,Frequently,Sometimes,Frequently,Sometimes,Infrequently,Sometimes,Major improvement,Moderate improvement,4,,Sometimes,Infrequently,Infrequently,
5/9/24 19:46,Frequently,Sometimes,Frequently,Infrequently,Sometimes,Sometimes,Sometimes,Sometimes,Moderate improvement,Moderate improvement,3,,Sometimes,Sometimes,Sometimes,
5/9/24 20:17,Infrequently,Frequently,Infrequently,Sometimes,Infrequently,Sometimes,Infrequently,Frequently,None,Moderate improvement,4,,Sometimes,Sometimes,Sometimes,
5/9/24 20:17,Frequently,Frequently,Frequently,Sometimes,Sometimes,Sometimes,Sometimes,Sometimes,Moderate improvement,Moderate improvement,3,,Frequently,Frequently,Frequently,
5/9/24 20:30,Infrequently,Sometimes,Infrequently,Infrequently,Infrequently,Sometimes,Sometimes,Frequently,Moderate improvement,Major improvement,1,,Frequently,Sometimes,Sometimes,
5/9/24 20:44,Frequently,Frequently,Frequently,Frequently,Frequently,Frequently,Frequently,Frequently,Major improvement,Major improvement,3,,Frequently,Frequently,Frequently,
5/9/24 21:14,Never,Infrequently,Infrequently,Infrequently,Never,,Never,Never,Moderate improvement,Minor improvement,3,,Sometimes,Sometimes,Infrequently,
5/9/24 21:26,Frequently,Frequently,Frequently,Frequently,Frequently,Frequently,Frequently,Frequently,Major improvement,Major improvement,3,,Never,Never,Frequently,
5/9/24 22:32,Sometimes,Frequently,Frequently,Sometimes,Sometimes,Infrequently,Frequently,Sometimes,Major improvement,Moderate improvement,4,,Frequently,Frequently,Frequently,
5/9/24 23:31,Frequently,Frequently,Frequently,Frequently,Frequently,Sometimes,Frequently,Frequently,Moderate improvement,Major improvement,3,,Sometimes,Infrequently,Sometimes,
5/9/24 23:37,Sometimes,Frequently,Sometimes,Frequently,Sometimes,Sometimes,Sometimes,Frequently,Moderate improvement,Major improvement,3,,Frequently,Frequently,Sometimes,
5/9/24 23:42,Frequently,Frequently,Frequently,Frequently,Frequently,Frequently,Frequently,Frequently,None,Moderate improvement,3,,Sometimes,Frequently,Frequently,
5/10/24 0:34,Sometimes,Frequently,Frequently,Frequently,Frequently,Frequently,Frequently,Frequently,None,Moderate improvement,3,,Frequently,Frequently,Frequently,
5/10/24 7:58,Frequently,Frequently,Frequently,Frequently,Frequently,Frequently,Frequently,Frequently,Moderate improvement,Major improvement,3,,Sometimes,Sometimes,Sometimes,
5/10/24 9:56,Frequently,Frequently,Frequently,Frequently,Frequently,Frequently,Frequently,Frequently,Major improvement,Major improvement,3,,Frequently,Sometimes,Frequently,
5/10/24 10:02,Frequently,Frequently,Frequently,Frequently,Frequently,Frequently,Frequently,Frequently,Major improvement,Major improvement,3,,Sometimes,Frequently,Frequently,
5/10/24 10:10,Frequently,Frequently,Sometimes,Sometimes,Frequently,Never,Infrequently,Never,Moderate improvement,Minor improvement,3,,Sometimes,Sometimes,Infrequently,
5/10/24 10:54,Frequently,Frequently,Frequently,Sometimes,Frequently,Frequently,Frequently,Frequently,Major improvement,Major improvement,3,,Sometimes,Infrequently,Sometimes,
5/10/24 11:01,Sometimes,Sometimes,Sometimes,Sometimes,Sometimes,Sometimes,Sometimes,Sometimes,Moderate improvement,Moderate improvement,3,,Infrequently,Never,Never,
5/10/24 11:01,Frequently,Frequently,Frequently,Frequently,Frequently,Sometimes,Sometimes,Infrequently,Major improvement,Moderate improvement,2,,Sometimes,Sometimes,Frequently,
5/10/24 11:56,Frequently,Sometimes,Frequently,Sometimes,Sometimes,Frequently,Frequently,Sometimes,Moderate improvement,Moderate improvement,3,,Infrequently,Sometimes,Infrequently,
5/10/24 12:29,Sometimes,Frequently,Infrequently,Infrequently,Sometimes,Sometimes,Sometimes,Frequently,Moderate improvement,Major improvement,4,,Frequently,Never,Infrequently,
5/10/24 13:58,Never,Never,Never,Infrequently,Never,Infrequently,Never,Infrequently,Minor improvement,Minor improvement,4,,Sometimes,Sometimes,Sometimes,
5/10/24 13:59,Frequently,Frequently,Sometimes,Frequently,Sometimes,Frequently,,Sometimes,Minor improvement,Moderate improvement,4,,Infrequently,Never,Never,
5/10/24 14:40,Sometimes,Infrequently,Sometimes,Infrequently,Sometimes,Sometimes,Sometimes,Frequently,Moderate improvement,Major improvement,4,,Infrequently,Never,Never,
5/10/24 14:43,Frequently,Frequently,Frequently,Frequently,Frequently,Frequently,Frequently,Frequently,None,Moderate improvement,3,,Sometimes,Sometimes,Sometimes,
5/10/24 14:47,Sometimes,Frequently,Frequently,Frequently,Sometimes,Sometimes,Sometimes,Frequently,Moderate improvement,Major improvement,4,,Sometimes,Infrequently,Sometimes,
5/10/24 14:48,Sometimes,Frequently,Sometimes,Infrequently,Sometimes,Sometimes,Sometimes,Sometimes,Moderate improvement,Moderate improvement,3,,Infrequently,Never,Never,
5/10/24 15:11,Sometimes,Frequently,Frequently,Frequently,Sometimes,Frequently,Frequently,Never,Major improvement,Moderate improvement,3,,Infrequently,Sometimes,Infrequently,
5/10/24 15:15,Frequently,Frequently,Frequently,Frequently,Frequently,Frequently,Frequently,Frequently,Major improvement,Major improvement,3,,Sometimes,Infrequently,Sometimes,
5/10/24 15:28,Frequently,Frequently,Frequently,Frequently,Frequently,Frequently,Frequently,Frequently,Major improvement,Major improvement,3,,Frequently,Sometimes,Infrequently,
5/10/24 16:13,Sometimes,Frequently,Sometimes,Frequently,Frequently,Sometimes,Sometimes,Sometimes,Moderate improvement,Moderate improvement,4,,Frequently,Infrequently,Infrequently,
5/10/24 16:33,Frequently,Frequently,Frequently,Frequently,Frequently,Frequently,Frequently,Frequently,Moderate improvement,Major improvement,3,,Infrequently,Infrequently,Infrequently,
5/10/24 17:39,Frequently,Frequently,Frequently,Frequently,Frequently,Sometimes,Sometimes,Frequently,Major improvement,Major improvement,3,,Sometimes,Sometimes,Sometimes,
5/10/24 19:37,Sometimes,Frequently,Frequently,Frequently,Frequently,Infrequently,Sometimes,Sometimes,Moderate improvement,Moderate improvement,3,,Sometimes,Infrequently,Infrequently,
5/10/24 19:51,Sometimes,Frequently,Frequently,Sometimes,Frequently,Sometimes,Sometimes,Sometimes,Major improvement,Moderate improvement,3,,Infrequently,Infrequently,Infrequently,
5/10/24 20:27,Frequently,Frequently,Frequently,Frequently,Frequently,Frequently,Frequently,Frequently,Moderate improvement,Major improvement,3,,Sometimes,Frequently,Sometimes,
5/10/24 20:35,Frequently,Frequently,Frequently,Sometimes,Sometimes,Sometimes,Sometimes,Frequently,None,Moderate improvement,3,,Infrequently,Infrequently,Infrequently,
5/10/24 20:36,Frequently,Frequently,Frequently,Frequently,Frequently,Frequently,Frequently,Frequently,Major improvement,Major improvement,4,,Frequently,Frequently,Frequently,
5/10/24 21:04,Frequently,Frequently,Frequently,Frequently,Frequently,Frequently,Frequently,Never,None,Minor improvement,4,,Sometimes,Frequently,Infrequently,
5/10/24 21:09,Frequently,Frequently,Frequently,Frequently,Frequently,Frequently,Frequently,Frequently,Moderate improvement,Major improvement,3,,Sometimes,Frequently,Sometimes,
5/10/24 21:23,Sometimes,Infrequently,Infrequently,Sometimes,Infrequently,Sometimes,Sometimes,Sometimes,Moderate improvement,Moderate improvement,4,,Infrequently,Infrequently,Infrequently,
5/10/24 23:11,Frequently,Frequently,Sometimes,Frequently,Frequently,Infrequently,Frequently,Never,Major improvement,Moderate improvement,3,,Sometimes,Never,Never,
5/10/24 23:16,Sometimes,Frequently,Frequently,Frequently,Infrequently,Sometimes,Infrequently,Never,Moderate improvement,Minor improvement,3,,Sometimes,Infrequently,Never,
5/10/24 23:28,Frequently,Frequently,Frequently,Frequently,Frequently,Frequently,Frequently,Frequently,Major improvement,Major improvement,1,,Frequently,Sometimes,Sometimes,
5/10/24 23:38,Frequently,Frequently,Frequently,Frequently,Frequently,Frequently,Frequently,Frequently,Major improvement,Major improvement,4,,Sometimes,Frequently,Sometimes,
5/10/24 23:43,Sometimes,Sometimes,Sometimes,Sometimes,Sometimes,Sometimes,Infrequently,Sometimes,Moderate improvement,Moderate improvement,3,,Frequently,Sometimes,Frequently,
5/10/24 23:56,Sometimes,Frequently,Sometimes,Frequently,Frequently,Sometimes,Sometimes,Frequently,Moderate improvement,Major improvement,3,,Frequently,Sometimes,Sometimes,
5/11/24 0:12,Sometimes,Sometimes,Infrequently,Sometimes,Sometimes,Sometimes,Sometimes,Sometimes,Moderate improvement,Moderate improvement,3,,Frequently,Frequently,Frequently,
5/11/24 13:01,Never,Infrequently,Never,Never,Sometimes,,Sometimes,Sometimes,Moderate improvement,Moderate improvement,3,,Sometimes,Infrequently,Infrequently,
5/11/24 13:33,Frequently,Frequently,Sometimes,Frequently,Frequently,Frequently,Infrequently,Frequently,Moderate improvement,Major improvement,3,,Infrequently,Infrequently,Infrequently,
5/11/24 13:59,Sometimes,Frequently,Frequently,Frequently,Frequently,Sometimes,Sometimes,Infrequently,Moderate improvement,Minor improvement,3,,Sometimes,Sometimes,Sometimes,
5/11/24 23:31,Frequently,Frequently,Frequently,Frequently,Frequently,Frequently,Frequently,Frequently,Moderate improvement,Major improvement,4,,Sometimes,Infrequently,Sometimes,
5/12/24 7:45,Frequently,Never,Frequently,Frequently,Frequently,Sometimes,Frequently,Never,Moderate improvement,Minor improvement,2,,Frequently,Never,Never,
5/12/24 10:39,,Infrequently,Sometimes,Sometimes,Sometimes,Infrequently,Sometimes,Sometimes,Moderate improvement,Moderate improvement,3,,Frequently,Frequently,Frequently,
5/12/24 11:54,Frequently,Sometimes,Sometimes,Sometimes,Sometimes,Frequently,Sometimes,Sometimes,Major improvement,Moderate improvement,,,Sometimes,Frequently,Sometimes,
5/12/24 14:26,Sometimes,Frequently,Sometimes,Sometimes,Sometimes,Sometimes,Sometimes,Frequently,Major improvement,Major improvement,1,,Sometimes,Infrequently,Infrequently,
5/12/24 16:35,Sometimes,Frequently,Frequently,Frequently,Frequently,Infrequently,Frequently,Never,Major improvement,Moderate improvement,3,,Frequently,Infrequently,Infrequently,
5/12/24 17:44,Sometimes,Sometimes,Sometimes,Sometimes,Sometimes,Infrequently,Infrequently,Sometimes,Moderate improvement,Moderate improvement,3,,Sometimes,Sometimes,Sometimes,
5/12/24 21:05,Sometimes,Infrequently,Sometimes,Frequently,Sometimes,Sometimes,Sometimes,Sometimes,Moderate improvement,Moderate improvement,4,,Sometimes,Sometimes,Frequently,
5/12/24 21:22,Sometimes,Sometimes,Sometimes,Sometimes,Sometimes,Sometimes,Sometimes,Sometimes,Moderate improvement,Moderate improvement,3,,Infrequently,Infrequently,Infrequently,
5/12/24 21:27,Sometimes,Infrequently,Infrequently,Infrequently,Infrequently,Infrequently,Sometimes,Sometimes,Moderate improvement,Moderate improvement,4,,Infrequently,Sometimes,Infrequently,
5/12/24 22:04,Sometimes,Frequently,Sometimes,Frequently,Frequently,Infrequently,Infrequently,Sometimes,Moderate improvement,Moderate improvement,3,,Never,Infrequently,Infrequently,
5/12/24 22:11,Infrequently,Infrequently,Infrequently,Infrequently,Infrequently,Infrequently,Infrequently,Infrequently,Moderate improvement,Minor improvement,,,Sometimes,Sometimes,Sometimes,
5/12/24 22:30,Never,Frequently,Frequently,Frequently,Sometimes,Sometimes,Sometimes,Never,Moderate improvement,Minor improvement,3,,Infrequently,Infrequently,Never,
5/12/24 23:39,Never,Sometimes,Sometimes,Sometimes,Infrequently,Never,Infrequently,Infrequently,None,Minor improvement,3,,Infrequently,Never,Never,
5/12/24 23:49,,Sometimes,Infrequently,Infrequently,Infrequently,Infrequently,Infrequently,Infrequently,Moderate improvement,Minor improvement,3,,Frequently,Infrequently,Infrequently,
5/13/24 13:45,Infrequently,Sometimes,Sometimes,Frequently,Frequently,Frequently,Frequently,Sometimes,Major improvement,Moderate improvement,4,,Infrequently,Sometimes,Infrequently,
5/13/24 14:44,Sometimes,Frequently,Sometimes,Frequently,Frequently,Frequently,Sometimes,Sometimes,Moderate improvement,Moderate improvement,3,,Sometimes,Infrequently,Infrequently,
5/13/24 15:09,Infrequently,Sometimes,Frequently,Frequently,Frequently,Sometimes,Sometimes,Infrequently,Moderate improvement,Minor improvement,4,,Sometimes,Infrequently,Infrequently,
5/13/24 15:48,Infrequently,Infrequently,Infrequently,Infrequently,Infrequently,Infrequently,Never,Never,Minor improvement,None,4,,Sometimes,Sometimes,Sometimes,
5/13/24 18:14,Infrequently,Sometimes,Infrequently,Infrequently,Sometimes,Sometimes,Sometimes,Sometimes,Minor improvement,Moderate improvement,3,,Never,Infrequently,Never,
5/13/24 21:08,Infrequently,Frequently,Frequently,Sometimes,Sometimes,Never,Sometimes,Infrequently,Minor improvement,Minor improvement,4,,Never,Infrequently,Never,
5/13/24 21:56,Never,Infrequently,Sometimes,Infrequently,Sometimes,Infrequently,Sometimes,Infrequently,None,Minor improvement,3,,Sometimes,Infrequently,Infrequently,
5/14/24 8:24,Frequently,Frequently,Frequently,Frequently,Frequently,Sometimes,Sometimes,Sometimes,Moderate improvement,Moderate improvement,3,,Sometimes,Sometimes,Sometimes,
5/14/24 8:26,Sometimes,Frequently,Sometimes,Frequently,Frequently,Sometimes,Sometimes,Infrequently,Moderate improvement,Minor improvement,4,,Frequently,Frequently,Sometimes,
5/14/24 9:04,Infrequently,Sometimes,Sometimes,Sometimes,Sometimes,Sometimes,Sometimes,Infrequently,Minor improvement,Minor improvement,2,,Sometimes,Sometimes,Infrequently,
5/14/24 17:35,Sometimes,Sometimes,Frequently,Sometimes,Frequently,Sometimes,Sometimes,Sometimes,Moderate improvement,Moderate improvement,4,,Sometimes,Infrequently,Infrequently,
5/14/24 19:08,Sometimes,Frequently,Sometimes,Sometimes,Sometimes,Sometimes,Sometimes,Never,Moderate improvement,Minor improvement,4,,Sometimes,Never,Never,
5/14/24 22:11,Frequently,Frequently,Frequently,Frequently,Frequently,Frequently,Frequently,Frequently,Major improvement,Major improvement,3,,Frequently,Frequently,Frequently,
5/14/24 22:17,Sometimes,Infrequently,Frequently,Frequently,Sometimes,Infrequently,Sometimes,Sometimes,Moderate improvement,Moderate improvement,2,,Sometimes,Sometimes,Infrequently,
5/14/24 22:36,Infrequently,Sometimes,Sometimes,Infrequently,Sometimes,Infrequently,Never,Never,Minor improvement,None,2,,Frequently,Sometimes,Infrequently,
5/14/24 23:22,Sometimes,Frequently,Frequently,Infrequently,Sometimes,Never,Never,Infrequently,Moderate improvement,Minor improvement,3,,Frequently,Sometimes,Infrequently,
5/15/24 19:37,Infrequently,Sometimes,Never,Never,,Never,Infrequently,Never,Minor improvement,None,3,,Infrequently,Infrequently,Never,
5/16/24 0:14,Sometimes,Sometimes,Frequently,Sometimes,Sometimes,Infrequently,Sometimes,Sometimes,Moderate improvement,Moderate improvement,3,,Frequently,Infrequently,Sometimes,
5/16/24 11:43,Frequently,Frequently,Frequently,Frequently,Frequently,Sometimes,Infrequently,Infrequently,Moderate improvement,Minor improvement,4,,Frequently,Frequently,Infrequently,
5/16/24 11:49,Frequently,Frequently,Frequently,Frequently,Frequently,Sometimes,Frequently,Infrequently,Moderate improvement,Minor improvement,3,,Frequently,Sometimes,Infrequently,
5/16/24 13:01,Sometimes,Sometimes,Sometimes,Frequently,Frequently,Sometimes,Sometimes,Infrequently,Moderate improvement,Minor improvement,3,,Infrequently,Sometimes,Never,
5/16/24 13:04,Sometimes,Sometimes,Sometimes,Sometimes,Sometimes,Sometimes,Sometimes,Sometimes,Moderate improvement,Moderate improvement,4,,Frequently,Sometimes,Sometimes,
5/16/24 16:04,Sometimes,Infrequently,Sometimes,Infrequently,Frequently,Frequently,Sometimes,Never,None,None,3,,Frequently,Infrequently,Never,
5/16/24 20:42,Frequently,Frequently,Frequently,Frequently,Frequently,Frequently,Frequently,Frequently,Moderate improvement,Major improvement,4,,Sometimes,Infrequently,Infrequently,
5/16/24 23:18,Frequently,Frequently,Frequently,Frequently,Frequently,Frequently,Frequently,Frequently,Major improvement,Major improvement,3,,Frequently,Frequently,Frequently,
5/16/24 23:25,Sometimes,Frequently,Frequently,Frequently,Sometimes,Never,Sometimes,Never,Minor improvement,None,3,,Sometimes,Infrequently,Never,